text,author
Act as if what you do makes a difference. It does.,William James
Act as if what you do makes a difference. It does. It all starts now.,Arthur Ashe
Act as if what you do makes a difference. It does. It all starts now.,Mark Twain
Act as if what you do makes a difference. It does. It all starts now.,Norman Vaughan
Act as if what you do makes a difference. It does. It all starts now.,Sam Levenson
Act as if what you do makes a difference. It does. It all starts now.,StartItWell
Act as if what you do makes a difference. It does. It all starts now.,Unknown
Act as if what you do makes a difference. It does. It all starts now.,William James
Act as if what you do makes a difference. It does. Keep moving forward.,Arthur Ashe
Act as if what you do makes a difference. It does. Keep moving forward.,Mark Twain
Act as if what you do makes a difference. It does. Keep moving forward.,Sam Levenson
Act as if what you do makes a difference. It does. Keep moving forward.,StartItWell
Act as if what you do makes a difference. It does. Keep moving forward.,Unknown
Act as if what you do makes a difference. It does. Keep moving forward.,William James
Act as if what you do makes a difference. It does. Let today be the first step.,Mark Twain
Act as if what you do makes a difference. It does. Let today be the first step.,Norman Vaughan
Act as if what you do makes a difference. It does. Let today be the first step.,Sam Levenson
Act as if what you do makes a difference. It does. Let today be the first step.,StartItWell
Act as if what you do makes a difference. It does. Let today be the first step.,Theodore Roosevelt
Act as if what you do makes a difference. It does. Let today be the first step.,Unknown
Act as if what you do makes a difference. It does. Let today be the first step.,William James
Act as if what you do makes a difference. It does. Make it count today.,Arthur Ashe
Act as if what you do makes a difference. It does. Make it count today.,Mark Twain
Act as if what you do makes a difference. It does. Make it count today.,Norman Vaughan
Act as if what you do makes a difference. It does. Make it count today.,Theodore Roosevelt
Act as if what you do makes a difference. It does. Make it count today.,Unknown
Act as if what you do makes a difference. It does. Make it count today.,William James
Act as if what you do makes a difference. It does. You’ve got this.,Arthur Ashe
Act as if what you do makes a difference. It does. You’ve got this.,Mark Twain
Act as if what you do makes a difference. It does. You’ve got this.,Norman Vaughan
Act as if what you do makes a difference. It does. You’ve got this.,Sam Levenson
Act as if what you do makes a difference. It does. You’ve got this.,StartItWell
Act as if what you do makes a difference. It does. You’ve got this.,Theodore Roosevelt
Act as if what you do makes a difference. It does. You’ve got this.,Unknown
Act as if what you do makes a difference. It does. You’ve got this.,William James
Believe you can and you’re halfway there.,Theodore Roosevelt
Believe you can and you’re halfway there. It all starts now.,Arthur Ashe
Believe you can and you’re halfway there. It all starts now.,Mark Twain
Believe you can and you’re halfway there. It all starts now.,Sam Levenson
Believe you can and you’re halfway there. It all starts now.,StartItWell
Believe you can and you’re halfway there. It all starts now.,Theodore Roosevelt
Believe you can and you’re halfway there. It all starts now.,Unknown
Believe you can and you’re halfway there. It all starts now.,William James
Believe you can and you’re halfway there. Keep moving forward.,Arthur Ashe
Believe you can and you’re halfway there. Keep moving forward.,Norman Vaughan
Believe you can and you’re halfway there. Keep moving forward.,StartItWell
Believe you can and you’re halfway there. Keep moving forward.,Theodore Roosevelt
Believe you can and you’re halfway there. Keep moving forward.,Unknown
Believe you can and you’re halfway there. Keep moving forward.,William James
Believe you can and you’re halfway there. Let today be the first step.,Arthur Ashe
Believe you can and you’re halfway there. Let today be the first step.,Mark Twain
Believe you can and you’re halfway there. Let today be the first step.,Norman Vaughan
Believe you can and you’re halfway there. Let today be the first step.,Sam Levenson
Believe you can and you’re halfway there. Let today be the first step.,StartItWell
Believe you can and you’re halfway there. Let today be the first step.,Theodore Roosevelt
Believe you can and you’re halfway there. Let today be the first step.,Unknown
Believe you can and you’re halfway there. Let today be the first step.,William James
Believe you can and you’re halfway there. Make it count today.,Arthur Ashe
Believe you can and you’re halfway there. Make it count today.,Mark Twain
Believe you can and you’re halfway there. Make it count today.,Sam Levenson
Believe you can and you’re halfway there. Make it count today.,StartItWell
Believe you can and you’re halfway there. Make it count today.,Theodore Roosevelt
Believe you can and you’re halfway there. Make it count today.,Unknown
Believe you can and you’re halfway there. Make it count today.,William James
Believe you can and you’re halfway there. You’ve got this.,Arthur Ashe
Believe you can and you’re halfway there. You’ve got this.,Mark Twain
Believe you can and you’re halfway there. You’ve got this.,Norman Vaughan
Believe you can and you’re halfway there. You’ve got this.,Sam Levenson
Believe you can and you’re halfway there. You’ve got this.,StartItWell
Believe you can and you’re halfway there. You’ve got this.,Theodore Roosevelt
Believe you can and you’re halfway there. You’ve got this.,Unknown
Believe you can and you’re halfway there. You’ve got this.,William James
Don’t watch the clock; do what it does. Keep going.,Sam Levenson
Don’t watch the clock; do what it does. Keep going. It all starts now.,Arthur Ashe
Don’t watch the clock; do what it does. Keep going. It all starts now.,Mark Twain
Don’t watch the clock; do what it does. Keep going. It all starts now.,Norman Vaughan
Don’t watch the clock; do what it does. Keep going. It all starts now.,StartItWell
Don’t watch the clock; do what it does. Keep going. It all starts now.,Theodore Roosevelt
Don’t watch the clock; do what it does. Keep going. It all starts now.,Unknown
Don’t watch the clock; do what it does. Keep going. It all starts now.,William James
Don’t watch the clock; do what it does. Keep going. Keep moving forward.,Arthur Ashe
Don’t watch the clock; do what it does. Keep going. Keep moving forward.,Mark Twain
Don’t watch the clock; do what it does. Keep going. Keep moving forward.,Norman Vaughan
Don’t watch the clock; do what it does. Keep going. Keep moving forward.,Sam Levenson
Don’t watch the clock; do what it does. Keep going. Keep moving forward.,StartItWell
Don’t watch the clock; do what it does. Keep going. Keep moving forward.,Theodore Roosevelt
Don’t watch the clock; do what it does. Keep going. Keep moving forward.,Unknown
Don’t watch the clock; do what it does. Keep going. Keep moving forward.,William James
Don’t watch the clock; do what it does. Keep going. Let today be the first step.,Arthur Ashe
Don’t watch the clock; do what it does. Keep going. Let today be the first step.,Mark Twain
Don’t watch the clock; do what it does. Keep going. Let today be the first step.,Norman Vaughan
Don’t watch the clock; do what it does. Keep going. Let today be the first step.,Sam Levenson
Don’t watch the clock; do what it does. Keep going. Let today be the first step.,StartItWell
Don’t watch the clock; do what it does. Keep going. Let today be the first step.,Theodore Roosevelt
Don’t watch the clock; do what it does. Keep going. Let today be the first step.,Unknown
Don’t watch the clock; do what it does. Keep going. Make it count today.,Arthur Ashe
Don’t watch the clock; do what it does. Keep going. Make it count today.,Mark Twain
Don’t watch the clock; do what it does. Keep going. Make it count today.,Norman Vaughan
Don’t watch the clock; do what it does. Keep going. Make it count today.,Sam Levenson
Don’t watch the clock; do what it does. Keep going. Make it count today.,StartItWell
Don’t watch the clock; do what it does. Keep going. Make it count today.,Theodore Roosevelt
Don’t watch the clock; do what it does. Keep going. Make it count today.,Unknown
Don’t watch the clock; do what it does. Keep going. You’ve got this.,Arthur Ashe
Don’t watch the clock; do what it does. Keep going. You’ve got this.,Mark Twain
Don’t watch the clock; do what it does. Keep going. You’ve got this.,Norman Vaughan
Don’t watch the clock; do what it does. Keep going. You’ve got this.,StartItWell
Don’t watch the clock; do what it does. Keep going. You’ve got this.,Theodore Roosevelt
Don’t watch the clock; do what it does. Keep going. You’ve got this.,Unknown
Don’t watch the clock; do what it does. Keep going. You’ve got this.,William James
Dream big and dare to fail.,Norman Vaughan
Dream big and dare to fail. It all starts now.,Arthur Ashe
Dream big and dare to fail. It all starts now.,Norman Vaughan
Dream big and dare to fail. It all starts now.,StartItWell
Dream big and dare to fail. It all starts now.,Theodore Roosevelt
Dream big and dare to fail. It all starts now.,Unknown
Dream big and dare to fail. It all starts now.,William James
Dream big and dare to fail. Keep moving forward.,Arthur Ashe
Dream big and dare to fail. Keep moving forward.,Mark Twain
Dream big and dare to fail. Keep moving forward.,Norman Vaughan
Dream big and dare to fail. Keep moving forward.,Sam Levenson
Dream big and dare to fail. Keep moving forward.,StartItWell
Dream big and dare to fail. Keep moving forward.,Theodore Roosevelt
Dream big and dare to fail. Keep moving forward.,Unknown
Dream big and dare to fail. Keep moving forward.,William James
Dream big and dare to fail. Let today be the first step.,Arthur Ashe
Dream big and dare to fail. Let today be the first step.,Mark Twain
Dream big and dare to fail. Let today be the first step.,Norman Vaughan
Dream big and dare to fail. Let today be the first step.,Sam Levenson
Dream big and dare to fail. Let today be the first step.,StartItWell
Dream big and dare to fail. Let today be the first step.,Theodore Roosevelt
Dream big and dare to fail. Let today be the first step.,Unknown
Dream big and dare to fail. Let today be the first step.,William James
Dream big and dare to fail. Make it count today.,Arthur Ashe
Dream big and dare to fail. Make it count today.,Mark Twain
Dream big and dare to fail. Make it count today.,Norman Vaughan
Dream big and dare to fail. Make it count today.,Sam Levenson
Dream big and dare to fail. Make it count today.,StartItWell
Dream big and dare to fail. Make it count today.,Unknown
Dream big and dare to fail. Make it count today.,William James
Dream big and dare to fail. You’ve got this.,Arthur Ashe
Dream big and dare to fail. You’ve got this.,Mark Twain
Dream big and dare to fail. You’ve got this.,Norman Vaughan
Dream big and dare to fail. You’ve got this.,Sam Levenson
Dream big and dare to fail. You’ve got this.,Theodore Roosevelt
Dream big and dare to fail. You’ve got this.,Unknown
Dream big and dare to fail. You’ve got this.,William James
Every day is a new beginning.,Unknown
Every day is a new beginning. It all starts now.,Arthur Ashe
Every day is a new beginning. It all starts now.,Mark Twain
Every day is a new beginning. It all starts now.,Norman Vaughan
Every day is a new beginning. It all starts now.,Sam Levenson
Every day is a new beginning. It all starts now.,Theodore Roosevelt
Every day is a new beginning. It all starts now.,Unknown
Every day is a new beginning. It all starts now.,William James
Every day is a new beginning. Keep moving forward.,Arthur Ashe
Every day is a new beginning. Keep moving forward.,Mark Twain
Every day is a new beginning. Keep moving forward.,Norman Vaughan
Every day is a new beginning. Keep moving forward.,Sam Levenson
Every day is a new beginning. Keep moving forward.,StartItWell
Every day is a new beginning. Keep moving forward.,Theodore Roosevelt
Every day is a new beginning. Keep moving forward.,Unknown
Every day is a new beginning. Keep moving forward.,William James
Every day is a new beginning. Let today be the first step.,Mark Twain
Every day is a new beginning. Let today be the first step.,Norman Vaughan
Every day is a new beginning. Let today be the first step.,Sam Levenson
Every day is a new beginning. Let today be the first step.,StartItWell
Every day is a new beginning. Let today be the first step.,Unknown
Every day is a new beginning. Make it count today.,Mark Twain
Every day is a new beginning. Make it count today.,Norman Vaughan
Every day is a new beginning. Make it count today.,Sam Levenson
Every day is a new beginning. Make it count today.,StartItWell
Every day is a new beginning. Make it count today.,Theodore Roosevelt
Every day is a new beginning. Make it count today.,Unknown
Every day is a new beginning. Make it count today.,William James
Every day is a new beginning. You’ve got this.,Arthur Ashe
Every day is a new beginning. You’ve got this.,Mark Twain
Every day is a new beginning. You’ve got this.,Norman Vaughan
Every day is a new beginning. You’ve got this.,Sam Levenson
Every day is a new beginning. You’ve got this.,Theodore Roosevelt
Every day is a new beginning. You’ve got this.,Unknown
Small steps lead to big changes.,Unknown
Small steps lead to big changes. It all starts now.,Arthur Ashe
Small steps lead to big changes. It all starts now.,Mark Twain
Small steps lead to big changes. It all starts now.,Norman Vaughan
Small steps lead to big changes. It all starts now.,Sam Levenson
Small steps lead to big changes. It all starts now.,StartItWell
Small steps lead to big changes. It all starts now.,Theodore Roosevelt
Small steps lead to big changes. It all starts now.,Unknown
Small steps lead to big changes. It all starts now.,William James
Small steps lead to big changes. Keep moving forward.,Arthur Ashe
Small steps lead to big changes. Keep moving forward.,Mark Twain
Small steps lead to big changes. Keep moving forward.,Sam Levenson
Small steps lead to big changes. Keep moving forward.,Unknown
Small steps lead to big changes. Keep moving forward.,William James
Small steps lead to big changes. Let today be the first step.,Arthur Ashe
Small steps lead to big changes. Let today be the first step.,Mark Twain
Small steps lead to big changes. Let today be the first step.,Norman Vaughan
Small steps lead to big changes. Let today be the first step.,Sam Levenson
Small steps lead to big changes. Let today be the first step.,StartItWell
Small steps lead to big changes. Let today be the first step.,Theodore Roosevelt
Small steps lead to big changes. Let today be the first step.,Unknown
Small steps lead to big changes. Let today be the first step.,William James
Small steps lead to big changes. Make it count today.,Arthur Ashe
Small steps lead to big changes. Make it count today.,Norman Vaughan
Small steps lead to big changes. Make it count today.,Sam Levenson
Small steps lead to big changes. Make it count today.,StartItWell
Small steps lead to big changes. Make it count today.,Theodore Roosevelt
Small steps lead to big changes. Make it count today.,Unknown
Small steps lead to big changes. Make it count today.,William James
Small steps lead to big changes. You’ve got this.,Arthur Ashe
Small steps lead to big changes. You’ve got this.,Mark Twain
Small steps lead to big changes. You’ve got this.,Norman Vaughan
Small steps lead to big changes. You’ve got this.,Sam Levenson
Small steps lead to big changes. You’ve got this.,StartItWell
Small steps lead to big changes. You’ve got this.,Theodore Roosevelt
Small steps lead to big changes. You’ve got this.,Unknown
Start where you are. Use what you have. Do what you can.,Arthur Ashe
Start where you are. Use what you have. Do what you can. It all starts now.,Arthur Ashe
Start where you are. Use what you have. Do what you can. It all starts now.,Mark Twain
Start where you are. Use what you have. Do what you can. It all starts now.,Norman Vaughan
Start where you are. Use what you have. Do what you can. It all starts now.,Sam Levenson
Start where you are. Use what you have. Do what you can. It all starts now.,Theodore Roosevelt
Start where you are. Use what you have. Do what you can. It all starts now.,Unknown
Start where you are. Use what you have. Do what you can. It all starts now.,William James
Start where you are. Use what you have. Do what you can. Keep moving forward.,Mark Twain
Start where you are. Use what you have. Do what you can. Keep moving forward.,Norman Vaughan
Start where you are. Use what you have. Do what you can. Keep moving forward.,Sam Levenson
Start where you are. Use what you have. Do what you can. Keep moving forward.,StartItWell
Start where you are. Use what you have. Do what you can. Keep moving forward.,Theodore Roosevelt
Start where you are. Use what you have. Do what you can. Keep moving forward.,Unknown
Start where you are. Use what you have. Do what you can. Keep moving forward.,William James
Start where you are. Use what you have. Do what you can. Let today be the first step.,Arthur Ashe
Start where you are. Use what you have. Do what you can. Let today be the first step.,Mark Twain
Start where you are. Use what you have. Do what you can. Let today be the first step.,Norman Vaughan
Start where you are. Use what you have. Do what you can. Let today be the first step.,Sam Levenson
Start where you are. Use what you have. Do what you can. Let today be the first step.,StartItWell
Start where you are. Use what you have. Do what you can. Let today be the first step.,Theodore Roosevelt
Start where you are. Use what you have. Do what you can. Let today be the first step.,Unknown
Start where you are. Use what you have. Do what you can. Let today be the first step.,William James
Start where you are. Use what you have. Do what you can. Make it count today.,Arthur Ashe
Start where you are. Use what you have. Do what you can. Make it count today.,Mark Twain
Start where you are. Use what you have. Do what you can. Make it count today.,Sam Levenson
Start where you are. Use what you have. Do what you can. Make it count today.,StartItWell
Start where you are. Use what you have. Do what you can. Make it count today.,Theodore Roosevelt
Start where you are. Use what you have. Do what you can. Make it count today.,Unknown
Start where you are. Use what you have. Do what you can. Make it count today.,William James
Start where you are. Use what you have. Do what you can. You’ve got this.,Arthur Ashe
Start where you are. Use what you have. Do what you can. You’ve got this.,Mark Twain
Start where you are. Use what you have. Do what you can. You’ve got this.,Sam Levenson
Start where you are. Use what you have. Do what you can. You’ve got this.,StartItWell
Start where you are. Use what you have. Do what you can. You’ve got this.,Theodore Roosevelt
Start where you are. Use what you have. Do what you can. You’ve got this.,Unknown
Start where you are. Use what you have. Do what you can. You’ve got this.,William James
Success is not for the lazy.,Unknown
Success is not for the lazy. It all starts now.,Arthur Ashe
Success is not for the lazy. It all starts now.,Mark Twain
Success is not for the lazy. It all starts now.,Norman Vaughan
Success is not for the lazy. It all starts now.,Sam Levenson
Success is not for the lazy. It all starts now.,StartItWell
Success is not for the lazy. It all starts now.,Theodore Roosevelt
Success is not for the lazy. It all starts now.,Unknown
Success is not for the lazy. It all starts now.,William James
Success is not for the lazy. Keep moving forward.,Arthur Ashe
Success is not for the lazy. Keep moving forward.,StartItWell
Success is not for the lazy. Keep moving forward.,Unknown
Success is not for the lazy. Let today be the first step.,Arthur Ashe
Success is not for the lazy. Let today be the first step.,Mark Twain
Success is not for the lazy. Let today be the first step.,Norman Vaughan
Success is not for the lazy. Let today be the first step.,Sam Levenson
Success is not for the lazy. Let today be the first step.,StartItWell
Success is not for the lazy. Let today be the first step.,Theodore Roosevelt
Success is not for the lazy. Let today be the first step.,Unknown
Success is not for the lazy. Let today be the first step.,William James
Success is not for the lazy. Make it count today.,Arthur Ashe
Success is not for the lazy. Make it count today.,Mark Twain
Success is not for the lazy. Make it count today.,Norman Vaughan
Success is not for the lazy. Make it count today.,StartItWell
Success is not for the lazy. Make it count today.,Theodore Roosevelt
Success is not for the lazy. Make it count today.,Unknown
Success is not for the lazy. Make it count today.,William James
Success is not for the lazy. You’ve got this.,Arthur Ashe
Success is not for the lazy. You’ve got this.,Mark Twain
Success is not for the lazy. You’ve got this.,Norman Vaughan
Success is not for the lazy. You’ve got this.,Sam Levenson
Success is not for the lazy. You’ve got this.,StartItWell
Success is not for the lazy. You’ve got this.,Theodore Roosevelt
Success is not for the lazy. You’ve got this.,Unknown
Success is not for the lazy. You’ve got this.,William James
The secret of getting ahead is getting started.,Mark Twain
The secret of getting ahead is getting started. It all starts now.,Arthur Ashe
The secret of getting ahead is getting started. It all starts now.,Mark Twain
The secret of getting ahead is getting started. It all starts now.,Norman Vaughan
The secret of getting ahead is getting started. It all starts now.,Sam Levenson
The secret of getting ahead is getting started. It all starts now.,StartItWell
The secret of getting ahead is getting started. It all starts now.,Theodore Roosevelt
The secret of getting ahead is getting started. It all starts now.,Unknown
The secret of getting ahead is getting started. It all starts now.,William James
The secret of getting ahead is getting started. Keep moving forward.,Arthur Ashe
The secret of getting ahead is getting started. Keep moving forward.,Mark Twain
The secret of getting ahead is getting started. Keep moving forward.,Norman Vaughan
The secret of getting ahead is getting started. Keep moving forward.,Sam Levenson
The secret of getting ahead is getting started. Keep moving forward.,StartItWell
The secret of getting ahead is getting started. Keep moving forward.,Theodore Roosevelt
The secret of getting ahead is getting started. Keep moving forward.,Unknown
The secret of getting ahead is getting started. Keep moving forward.,William James
The secret of getting ahead is getting started. Let today be the first step.,Arthur Ashe
The secret of getting ahead is getting started. Let today be the first step.,Mark Twain
The secret of getting ahead is getting started. Let today be the first step.,Norman Vaughan
The secret of getting ahead is getting started. Let today be the first step.,Sam Levenson
The secret of getting ahead is getting started. Let today be the first step.,StartItWell
The secret of getting ahead is getting started. Let today be the first step.,Theodore Roosevelt
The secret of getting ahead is getting started. Let today be the first step.,Unknown
The secret of getting ahead is getting started. Let today be the first step.,William James
The secret of getting ahead is getting started. Make it count today.,Arthur Ashe
The secret of getting ahead is getting started. Make it count today.,Mark Twain
The secret of getting ahead is getting started. Make it count today.,Norman Vaughan
The secret of getting ahead is getting started. Make it count today.,Sam Levenson
The secret of getting ahead is getting started. Make it count today.,StartItWell
The secret of getting ahead is getting started. Make it count today.,Theodore Roosevelt
The secret of getting ahead is getting started. Make it count today.,Unknown
The secret of getting ahead is getting started. Make it count today.,William James
The secret of getting ahead is getting started. You’ve got this.,Arthur Ashe
The secret of getting ahead is getting started. You’ve got this.,Norman Vaughan
The secret of getting ahead is getting started. You’ve got this.,Sam Levenson
The secret of getting ahead is getting started. You’ve got this.,StartItWell
The secret of getting ahead is getting started. You’ve got this.,Theodore Roosevelt
The secret of getting ahead is getting started. You’ve got this.,Unknown
The secret of getting ahead is getting started. You’ve got this.,William James
"You only get to start today once, so start it well.",StartItWell
"You only get to start today once, so start it well. It all starts now.",Arthur Ashe
"You only get to start today once, so start it well. It all starts now.",Mark Twain
"You only get to start today once, so start it well. It all starts now.",Norman Vaughan
"You only get to start today once, so start it well. It all starts now.",Sam Levenson
"You only get to start today once, so start it well. It all starts now.",StartItWell
"You only get to start today once, so start it well. It all starts now.",Theodore Roosevelt
"You only get to start today once, so start it well. It all starts now.",Unknown
"You only get to start today once, so start it well. It all starts now.",William James
"You only get to start today once, so start it well. Keep moving forward.",Arthur Ashe
"You only get to start today once, so start it well. Keep moving forward.",Mark Twain
"You only get to start today once, so start it well. Keep moving forward.",Norman Vaughan
"You only get to start today once, so start it well. Keep moving forward.",Sam Levenson
"You only get to start today once, so start it well. Keep moving forward.",StartItWell
"You only get to start today once, so start it well. Keep moving forward.",Theodore Roosevelt
"You only get to start today once, so start it well. Keep moving forward.",Unknown
"You only get to start today once, so start it well. Keep moving forward.",William James
"You only get to start today once, so start it well. Let today be the first step.",Arthur Ashe
"You only get to start today once, so start it well. Let today be the first step.",Mark Twain
"You only get to start today once, so start it well. Let today be the first step.",Norman Vaughan
"You only get to start today once, so start it well. Let today be the first step.",Sam Levenson
"You only get to start today once, so start it well. Let today be the first step.",StartItWell
"You only get to start today once, so start it well. Let today be the first step.",Theodore Roosevelt
"You only get to start today once, so start it well. Let today be the first step.",Unknown
"You only get to start today once, so start it well. Let today be the first step.",William James
"You only get to start today once, so start it well. Make it count today.",Mark Twain
"You only get to start today once, so start it well. Make it count today.",Norman Vaughan
"You only get to start today once, so start it well. Make it count today.",Theodore Roosevelt
"You only get to start today once, so start it well. Make it count today.",Unknown
"You only get to start today once, so start it well. Make it count today.",William James
"You only get to start today once, so start it well. You’ve got this.",Mark Twain
"You only get to start today once, so start it well. You’ve got this.",Norman Vaughan
"You only get to start today once, so start it well. You’ve got this.",Sam Levenson
"You only get to start today once, so start it well. You’ve got this.",StartItWell
"You only get to start today once, so start it well. You’ve got this.",Theodore Roosevelt
"You only get to start today once, so start it well. You’ve got this.",Unknown
"You only get to start today once, so start it well. You’ve got this.",William James
